用户昵称,性别,评论内容,被回复用户,评论层级,用户当前等级,点赞数量,回复时间
中二邪帝,女,令人忍俊不禁。刚刚去那个半耳聆up主访问了一下，看到了这个。笑到了,,一级评论,4,66,2024-11-05 11:14:53
阁阁个,保密,自己受不了诱惑去演，不过老师确实罪魁祸首。把人害惨了,中二邪帝,二级评论,4,36,2024-11-05 12:06:57
中二邪帝,女,回复 @阁阁个 :对啊，老师是罪魁祸首，然后她可以说是“从犯”而图中那人就直接洗白她，笑了,中二邪帝,二级评论,4,31,2024-11-05 12:19:50
雷鳴弐ノ陣,保密,乐死了，这会儿又弱势群体了，咋不平等了？遇见有利的就平等，不利的就啥也解决不了了？自己啥都操控不了活着干啥,中二邪帝,二级评论,4,45,2024-11-05 12:30:38
12班的大金鹏,男,头像正确[摇曳露营2_静静看你],中二邪帝,二级评论,4,2,2024-11-05 12:37:25
Dusk丿鸦,男,作为个受益者，怎么就成受害人了，啧啧啧果然集美们是能免疫僵尸的群体,中二邪帝,二级评论,6,7,2024-11-05 14:09:22
l洞爷湖l,男,@不会再被扇耳光,中二邪帝,二级评论,5,1,2024-11-05 14:12:01
学习芝士的雪豹,保密,xhs打过来了,中二邪帝,二级评论,3,0,2024-11-05 14:38:38
安德鲁泰特说得对,保密,回复 @阁阁个 :得了吧，它威胁老师帮它继续作弊，这个社会对于年轻女性太宽容了,中二邪帝,二级评论,5,2,2024-11-05 17:25:36
宇宙最无敌第一非酋,男,回复 @阁阁个 :两条狗，都杀了,中二邪帝,二级评论,6,0,2024-11-09 00:41:01
沟子大王,保密,回复 @阁阁个 :好处她拿大头，出事全赖老师,中二邪帝,二级评论,5,1,2024-11-09 12:09:59
沟子大王,保密,考职务拿奖金的时候女性力量，出事就是一个女生能操控什么，这就是“新时代女性”,中二邪帝,二级评论,5,0,2024-11-09 12:12:20
不会再被扇耳光,男,回覆 @l洞爷湖l :给你一🖐🏻️,中二邪帝,二级评论,5,0,2024-11-09 13:29:47
l洞爷湖l,男,回复 @中二邪帝 :女主驾到了，就在这层楼里[doge],中二邪帝,二级评论,5,0,2024-11-09 19:22:50
中二邪帝,女,回复 @l洞爷湖l :打过来了，我是窝囊组，我投降[doge_金箍],中二邪帝,二级评论,4,0,2024-11-09 20:40:48
东大无敌之人,女,她毕竟未成年可以理解，这个老师确实是罪魁祸首强烈建议开除出教师团队,中二邪帝,二级评论,5,0,2024-11-18 13:35:52
喵喵日月,保密,她哪怕能解一題，我都佩服,,一级评论,3,304,2024-11-04 12:31:02
武忠祥孝研数学,男,还偏微分，我考数二的，给jp一个常规微分方程她能读出来都算不错了[吃瓜][吃瓜][doge],喵喵日月,二级评论,5,72,2024-11-04 14:23:50
马老师の皮雁子,男,月考150满分，考83不及格，解锤子，我丝毫不吹牛逼，她数学还不如我,喵喵日月,二级评论,6,35,2024-11-04 15:04:52
Maxylee17,男,她能看懂题目我就佩服[doge],喵喵日月,二级评论,6,3,2024-11-04 15:40:34
红银莲冕,男,回复 @马老师の皮雁子 :这是普高的吧，中专应该不是这个分,喵喵日月,二级评论,5,1,2024-11-04 15:50:24
Agst克劳狄乌斯,男,回复 @红银莲冕 :她就是中专月考83分,喵喵日月,二级评论,6,12,2024-11-04 16:38:36
林亖修,保密,回复 @Maxylee17 : 假如她能获得第一名。那么即便她有再多错误我都抄起我的椅子当键盘用，和所有人拼了[doge],喵喵日月,二级评论,5,1,2024-11-04 17:23:47
明墨染z,男,会写个“解”字已经是对九年义务教育的尊重了[星星眼],喵喵日月,二级评论,6,6,2024-11-04 18:46:53
奇闻事件记录,保密,她连高考题都解不出来,喵喵日月,二级评论,4,3,2024-11-04 21:45:17
仲夏集玉玉小菲,女,中考卷子能过100就不错了[笑哭],喵喵日月,二级评论,5,3,2024-11-04 21:48:58
jjnss,保密,但凡她能去考个考研数学一或者二甚至高考数学除了蒙出来的分能到60我都觉得可以[doge],喵喵日月,二级评论,6,0,2024-11-05 13:34:31
眺望诹访湖,保密,湾友说得对,喵喵日月,二级评论,5,0,2024-11-05 21:13:09
shelly青,保密,回复 @成局西段DF4D-3191 :哈哈哈哈真实了,喵喵日月,二级评论,5,0,2024-11-05 22:56:38
夜芜悠,保密,回复 @成局西段DF4D-3191 :既然懂偏微分，那应该懂薛定谔方程吧[吃瓜],喵喵日月,二级评论,5,0,2024-11-07 04:47:20
我是來學習滴,男,回复 @成局西段DF4D-3191 :她知道那个倒着写的e是什么意思都算了不起了[吃瓜],喵喵日月,二级评论,5,0,2024-11-07 20:11:01
想不出名字所以凑一个,男,回复 @马老师の皮雁子 :你考的上高中就比他强了[doge_金箍],喵喵日月,二级评论,5,0,2024-11-11 18:12:44
oxohcom,保密,回复 @刘氏肉联厂 :吹牛逼，人家能上电视，你能吗？,喵喵日月,二级评论,2,0,2024-12-06 09:22:05
Agst克劳狄乌斯,男,我觉得，成绩好的即使抄作业抄笔记，哪怕不过脑子，把b抄成6，都不可能抄成主＝6,,一级评论,6,222,2024-11-04 16:40:22
大佬咋回事啊,男,不理解符号的含义，然后原文潦草一点是这样的，抄都抄不明白,Agst克劳狄乌斯,二级评论,6,34,2024-11-05 11:57:07
原始人起洞x,保密,主:6,Agst克劳狄乌斯,二级评论,4,17,2024-11-05 12:02:59
Agst克劳狄乌斯,男,回复 @原始人起洞x :主：我不六，她六,Agst克劳狄乌斯,二级评论,6,3,2024-11-05 19:39:04
惯新陈,男,ƶ̇ Ƶ̇,Agst克劳狄乌斯,二级评论,5,0,2024-12-12 14:25:27
清道夫西特乐,男,事实上已经证明，纱布远比我们想象的多,,一级评论,6,151,2024-11-05 11:51:54
赛博朋克_90512,保密,有没有可能这些人绝大多数是机器人🤖🤔[小绿和小蓝_捂脸],清道夫西特乐,二级评论,5,7,2024-11-05 12:27:31
神保町萝莉,保密,回复 @赛博朋克_90512 :还真不是，有些会追着你骂的，机器人还没到这地步吧[笑哭],清道夫西特乐,二级评论,5,24,2024-11-05 13:01:40
梦忆www,保密,回复 @赛博朋克_90512 :你觉得机器人会一直追着你骂？[滑稽],清道夫西特乐,二级评论,2,3,2024-11-05 21:31:30
cjzcjl,保密,他们都是IQ正态分布里面的左半边，弱智到轻度弱智之间[笑哭]，只是会用汉语罢了,清道夫西特乐,二级评论,5,11,2024-11-06 07:55:38
sudy4848,保密,回复 @cjzcjl : 你没看到后面我有解释嘛？？？,清道夫西特乐,二级评论,5,0,2024-11-06 09:55:47
阿米努阿斯特欧,男,现实里见不到是因为藏得太深，还是它们的圈子太低层,清道夫西特乐,二级评论,5,4,2024-11-09 10:01:56
满江红99,保密,我觉得有的人故意这样装傻B博流量[doge],清道夫西特乐,二级评论,5,0,2024-11-10 00:42:04
Dolorous_清羽,男,那可太多了，现实中她们会把自己隐藏成正常人，在网上微博小红书就聚集起来了像一坨史一样,清道夫西特乐,二级评论,3,1,2024-11-15 13:24:21
双向不郁闷,女,喂，女生质疑她的也不少，别一棒子打死了。,,一级评论,4,48,2024-11-04 17:10:47
空间的归依,保密,男生都有护的呢！互联网太多样了而已,双向不郁闷,二级评论,5,49,2024-11-04 17:17:09
tatbtsjl,保密,无辜个🔨,双向不郁闷,二级评论,4,19,2024-11-04 17:35:12
小熊叒,保密,真当网友都是傻子了,双向不郁闷,二级评论,5,16,2024-11-04 18:23:40
音乐贩子,男,🤮吐了,双向不郁闷,二级评论,6,4,2024-11-04 19:26:15
千酒杯,保密,杨笠已经把税收到一百年后了,双向不郁闷,二级评论,5,12,2024-11-05 11:25:35
卫统,保密,我管这个那个，一起埋了,双向不郁闷,二级评论,5,3,2024-11-05 11:27:51
文鸟的和声,保密,那咋了？,双向不郁闷,二级评论,2,3,2024-11-05 11:35:58
阳光劫匪倒转地球丶,男,嚯，现在又成了反抗父权的榜样了,双向不郁闷,二级评论,6,4,2024-11-05 11:45:32
对抗路击剑师,保密,没有人一棒子打死，从来都是拿比例说事，微博小红书用户那个性别比例高？,双向不郁闷,二级评论,4,4,2024-11-05 12:16:00
黄瓜王小睦,男,那咋了，就得一棒子打死,双向不郁闷,二级评论,6,2,2024-11-05 14:33:03
账号已注销,保密,那咋了,双向不郁闷,二级评论,0,0,2024-11-06 16:00:57
Natural0816,保密,那咋了？,双向不郁闷,二级评论,5,0,2024-11-09 09:11:12
Transylvaniaball,保密,姜萍事件的本质：新闻学大战数理化。[doge],,一级评论,6,88,2024-11-04 13:10:37
暮过白头,保密,本质还是炒流量，618前夕上热搜，压了几个月，结果双11前夕突然公布。,Transylvaniaball,二级评论,5,11,2024-11-04 15:33:39
咖喱饭Gary,男,羡慕你的菜花[doge],Transylvaniaball,二级评论,6,1,2024-11-04 16:46:19
别那么晚睡qwq,保密,回复 @暮过白头 :这次是压的LOLFaker的流量,Transylvaniaball,二级评论,3,1,2024-11-05 11:44:13
绝望的小逗逼,男,回复 @昨夜南风QWQ28 :还有京东阳历的热度[doge],Transylvaniaball,二级评论,6,0,2024-11-05 11:51:02
幽萤啊,保密,回复 @昨夜南风QWQ28 :飞飞上了多少热搜，姜平上了多少热搜，B站这边姜平热搜的影子都没有,Transylvaniaball,二级评论,2,0,2024-11-05 16:26:02
冷水泡面好好吃,保密,[呲牙]cmg是这样的———,,一级评论,5,98,2024-11-04 11:03:05
Transylvaniaball,保密,"考数学别人写解字 姜萍都快答完了
                                                      ——央视网
平时的作业，我扫了一眼，觉得没有做的价值，我更喜欢在高等数学里探索。                    ——姜萍",,一级评论,6,60,2024-11-04 13:10:33
明墨染z,男,没毛病啊，如果她就会写解字，别的啥也不会，也算答完。[脱单doge],Transylvaniaball,二级评论,6,7,2024-11-04 18:50:43
啊多喝热水,男,我发合订截图直接被删,Transylvaniaball,二级评论,6,3,2024-11-04 18:53:09
最强脂肪体Panda,保密,在高等数学里吃面,Transylvaniaball,二级评论,6,1,2024-11-04 20:06:53
呜理怪,男,是做的代价,Transylvaniaball,二级评论,6,2,2024-11-05 10:51:01
绝望的小逗逼,男,平时不及格，这叫平时作业没有做的价值[doge],Transylvaniaball,二级评论,6,0,2024-11-05 11:50:13
鞋靴上的猫,保密,央视网评“天才少女”姜萍承载不了过度的公共期许天才从来就带有很强的偶然性 并不是通过刻意的培养就能够制造,Transylvaniaball,二级评论,5,3,2024-11-05 12:02:01
_反一切_,保密,她不是被招进749局了嘛,,一级评论,5,52,2024-11-05 14:41:38
你是想气死6酱么,男,最合理的一集,_反一切_,二级评论,6,1,2024-11-05 15:04:46
见识老爹的魔法吧,男,真有实力也不会作弊[doge],,一级评论,6,50,2024-11-04 22:23:20
摸鱼的卷,保密,不过说实话王润秋数学水平还是可以的,见识老爹的魔法吧,二级评论,5,3,2024-11-04 22:25:21
CMG电台,男,回复 @摸鱼的卷 :王闰秋数学水平也就那样，他找的一群研究数学的朋友，组团答题,见识老爹的魔法吧,二级评论,5,32,2024-11-04 22:58:43
teng滕滕-,保密,回复 @摸鱼的卷 :6月份就曝出他又一个枪手群,见识老爹的魔法吧,二级评论,4,12,2024-11-04 23:24:16
费米能级-真,保密,回复 @摸鱼的卷 :王闰秋就是普通数学硕士实力，他是组团的,见识老爹的魔法吧,二级评论,6,15,2024-11-05 11:45:31
听我说你不要谢,保密,回复 @摸鱼的卷 : 他要是真可以，怎么自己的账号考120多名,见识老爹的魔法吧,二级评论,6,6,2024-11-05 12:15:40
CMG电台,男,回复 @听我说你不要谢 :他用自己，自己老婆和姜萍的名字交了三份答卷，因为有些题不确定所以写的不一样，最后写姜萍名字那一份得分最高，其实三份都是王闰秋找人做的,见识老爹的魔法吧,二级评论,5,8,2024-11-05 12:19:19
xiaoyu2623,保密,我听说是国家征召她去造芯片了，为了保护她才发的公告。[doge],,一级评论,4,38,2024-11-05 14:07:56
冰殇雪63,男,这个笑话不错,xiaoyu2623,二级评论,5,1,2024-11-06 18:07:57
Natural0816,保密,明天你这个消息就没了，国家给你撤了，人才得保护起来，信我[脱单doge],xiaoyu2623,二级评论,5,1,2024-11-09 09:09:49
被迫取名很无语,保密,想想都不可能，她要能去造芯片，那名次比他靠前的为什么不去？,xiaoyu2623,二级评论,2,1,2024-11-10 11:05:41
Steve--专做废品,男,串？,xiaoyu2623,二级评论,4,0,2024-12-04 16:08:53
丢失的傘村,男,回复 @Steve--专做废品 :都狗头了还不是串？[尴尬],xiaoyu2623,二级评论,4,0,2024-12-14 00:27:32
Transylvaniaball,保密,"“你见过凌晨4点的涟水中专吗？”
这是一次采访中，记者问到姜萍为何如此强大时，姜萍笑着给出的反问。凌晨4点的涟水中专，还是满天星光，行人寥落，寂静无声的。其实姜萍也并不是天天4点多钟就会爬起来训练，但是她对训练的认真和积极，却让无数人敬佩。凌晨四点的涟水中专不管过了多久，哪怕5年，10年，都还永远是那片昏黑的穹顶，但是穹顶之下的姜萍，却通过日复一日，年复一年的学习获得了更多的数学知识。",,一级评论,6,35,2024-11-04 13:10:25
为何一直该昵称已存在,男,研究出了主=6的上帝公式,Transylvaniaball,二级评论,4,4,2024-11-05 07:25:10
逸川睡不着,保密,man,Transylvaniaball,二级评论,5,2,2024-11-05 15:02:38
Transylvaniaball,保密,"从采访完回来的姜萍同学，全然不顾身体的疲惫，连夜拉着我们中专的老师学生讨论偏微分方程的事宜。谈得晚了，便送我们回宿舍，让我们回寝室休息。再去教室的路上，我们说：“姜萍同学，您回去休息吧。您刚接受完采访。”
姜萍说：“不碍事。你们知道，现在学界很多人把我当作靠他人指点的作弊者，不断质疑要我自证实力。你们是反应试教育的未来，你们的事就是中专生和大专生的事情，是头等大事。”
我们都激动了，眼里裹着泪花。多有松弛感的同学呀！
姜萍同学看着天空，说：“如果学界能像这片天空一样干净就好了！但是就有一些人，比如北大清华的一些教授，还有许多985的学生，要搞乱这学界。他们是罪人”说着，姜萍同学便拿着粉笔，在黑板上开始板书。不一会儿，就看到黑板上出现了如“Σ=1/2”“pi*z=pi^z”“主=6”的式子。
“这是我提出并证明的恒等式，学界一直没有对此重视，我已经忍学界很久了。”姜萍同学愤愤的说。我们都鼓起掌来，为我国有这样的学生而自豪。
一会儿姜萍同学叫来了王润秋老师，问：“那个宣传视频过审了吗？”“已经公开了。好像引起了网络上的轰动。”老师回答说。姜萍同学一怔，说：“赶紧去看网络，看有没有什么负面评价。”
之后，姜萍同学送我们回到了宿舍，一直挥手直到看不见我们。
过了几天，我们听说姜萍同学的宣传视频出事了，我们很紧张。这时候姜萍同学叫我们过去。她依旧那样和蔼，让我们坐下，说：“我的几个恒等式是精妙无比的，为之付出是伟大的。”她这是低下头说：“但我必须承认，我在宣传视频里的板书太鲁莽了。我在这儿像全校师生道歉，我将向全涟水县说明情况。”
我们顿时热泪盈眶。多好的同学啊！她在和黑子们斗争的过程中犯下的一点小失误，竟然被她记在心里，还道了歉。我们在将来的学习中，一定要向姜萍同学学习，学她那对学问的刻苦追求与不耻下问的精神。",,一级评论,6,35,2024-11-04 13:10:20
光微风过处,保密,什么姜正恩[辣眼睛],Transylvaniaball,二级评论,6,1,2024-11-04 18:02:38
小羊永远睡不醒,男,姜君[大哭],Transylvaniaball,二级评论,5,1,2024-11-05 11:32:09
暴力双涡轮,保密,姜诚！！！,Transylvaniaball,二级评论,5,0,2024-11-05 12:41:26
Makise-Curisu,男,回复 @暴力双涡轮 :将军那边是主！体！[doge]你一定收了南伪的五十箱泡菜,Transylvaniaball,二级评论,6,0,2024-11-05 15:40:50
次元学者-以太利,保密,想吃广东菜？,Transylvaniaball,二级评论,5,0,2024-11-10 15:28:55
灵梦の存钱罐,保密,天生爱人的能力,,一级评论,6,40,2024-11-04 14:20:53
都是克莉丝的错,保密,给个男学生来，早被判死刑了,,一级评论,6,28,2024-11-04 19:12:46
纤枝空,男,坎友说的在理[坎公骑冠剑 · 夏日泳装派对_给你],都是克莉丝的错,二级评论,5,0,2024-11-05 11:32:24
呼呼狐,保密,要是男学生女老师，哥们早被网暴到不行了，女老师直接封神了[星星眼],都是克莉丝的错,二级评论,4,13,2024-11-05 11:35:18
取名字令人头秃2021,保密,男学生根本就闹不了这么大。去年的快递小哥在热搜上有待一天吗？,都是克莉丝的错,二级评论,3,1,2024-11-08 15:54:25
雷鳴弐ノ陣,保密,自己没上过大学的小太妹听见有人说中专生跟清华平起平坐就开始思想高潮了，现在即使已经被证明了是一条路边的野狗也仍然想冲别人再叫两声装作自己能听懂人话,,一级评论,4,18,2024-11-05 11:07:17
bili_3546678258829886,保密,"符合性别劣根性刻板印象，诬告技能刻在基因里。
1.北師大♀️生禁止♂️生坐電梯事件
2.華東理工偷耳機事件
3.天津大學扣飯姐事件
4.川大張薇（雙一留）
5.川大未征求♂️同學意見將部分樓層所有♂️廁改為♀️廁
6.清華學姐誣告學弟事件
7.北京政法職業學院三女校園霸淩事件（挺身而出的♂️生已退學）
8.廣東醫科大學割頸事件
9.浙江師範大學行知學院♀️生軍訓潑化學品至致♂️生燒傷事件
10.廈門市松柏中學♀️生潑♂️生熱水致毀容事件
11.上海徐匯中學軍訓♀️「偷拍」♂️生洗澡事件
12.西安工業大學，剪秋褲事件
13.江西工業職業技術學院，咕咕鳥紙巾事件
14.電子科技大學班群通知事件
15.西南科技大學餛飩攤事件
16.西北政法大學作弊姐事件
17.上海視覺藝術學院五女圍毆一男事件
18.武漢大學圖書舘誣陷性騷擾事件
19.三峽大學三八沁苑展板事件
20.西安交通大学不让男生走楼梯事件

成都地铁污蔑案，张威污蔑民工，弦子诬陷朱军、韩婷婷(李星星)诬陷鲍毓明、马金瑜诬陷扎西、苟晶、梁颖诬陷罗冠军、阿里女员工、货拉拉司机、清华美院学姐、西安电子科技大学女生毕业设计舞弊且敲诈勒索案、天津大学脑袋扣饭，霍尊陈露案，王力宏李靓蕾案、董洁潘粤明、何洁郝子铭、姚晨凌潇肃、汪康夫案、小慧君案、林心如周杰、蛋糕老板被诬陷、涂磊案、马蓉王宝强案",,一级评论,4,40,2024-11-04 19:59:13
Hastolat,女,别的确实，但鲍毓明那个不是吧…,bili_3546678258829886,二级评论,3,1,2024-11-05 10:46:34
飨鬼将夜啼,保密,你的脑子也就装得下男女对立了。回你我都嫌浪费时间,bili_3546678258829886,二级评论,5,0,2024-11-05 12:56:08
黎洛心哦,男,回复 @飨鬼将夜啼 :把你们做的一五一十的说出来就是对立?😂,bili_3546678258829886,二级评论,6,3,2024-11-05 19:52:10
账号已注销,保密,回复 @飨鬼将夜啼 :那咋了,bili_3546678258829886,二级评论,0,0,2024-11-06 16:01:21
账号已注销,保密,回复 @黎洛心哦 :看他动态，练桐,bili_3546678258829886,二级评论,0,1,2024-11-06 16:01:55
Transylvaniaball,保密,"练得 Σ 形似 2 形，千株松下六函经。
我来问姜无馀说，云在青天水在萍。",,一级评论,6,25,2024-11-04 13:10:29
以此纪念我丢失的号,保密,天才,Transylvaniaball,二级评论,4,0,2024-12-02 17:46:08
lspt-丶,保密,很多地方还是能看到给姜萍洗的人，但讲真，姜萍和王润秋的问题并不是最大的，我也不关心这俩人，不要被误导了，人家的问题是作弊，该咋样咋样呗，真正最该被清算的是媒体和那些挺姜萍的人，那些才是最有问题的人，还有那些借此打拳的，这里面没有境外势力的参与？,,一级评论,5,17,2024-11-05 02:18:07
脸被卸载了,保密,还有阿里，当时还想靠这个把姜萍送进浙大，实际上就是想开后门,lspt-丶,二级评论,5,3,2024-11-05 13:27:56
五维空间的生命,保密,当初报道的时候演的倒挺像的。我数学系就看不惯靠作弊的假天才，还扯什么境外势力，就自己作弊不承认还有什么好说的,lspt-丶,二级评论,3,1,2024-11-06 09:09:48
蓝色木耳,保密,什么都甩锅境外势力，你是真傻还是假傻,lspt-丶,二级评论,5,0,2024-12-12 11:22:24
七濑的先生,保密,其实如果是一个数学水平可以的高三学生，熬夜暴力补习4个多月高数不学别的，还真能糊弄过去，可惜机会没把握住。,,一级评论,4,13,2024-11-05 16:25:26
沟子大王,保密,你对竞赛没有概念[辣眼睛]，对中专学生也没有概念,七濑的先生,二级评论,5,12,2024-11-09 12:14:15
七濑的先生,保密,回复 @沟子大王 :不用学到竞赛水平，主＝6的水平，都能拖4 5个月。他只要学个年能侃侃而谈就有了，能说两句，然后一让做题就说最近再弄中专其他科目，数学没怎么复习，边混边学，开播带货，混个几年没有。哪怕最后路线，也捞到了,七濑的先生,二级评论,4,10,2024-11-09 18:44:20
惯新陈,男,回复 @沟子大王 :阿里竞赛是独一无二的线上竞赛，任何学生只要有一点指导和帮助都可以考好的[脱单doge],七濑的先生,二级评论,5,1,2024-12-12 14:28:25
lspt-丶,保密,女孩会演戏绝对是真的，绝对是天才,,一级评论,5,15,2024-11-05 15:56:31
面粉馅大包子,保密,她是不是还是个装机天才,,一级评论,6,2,2024-11-05 14:51:31
bili_40707047561,保密,那些人可能根本就不知道，她压根就是只借个账号，接受一个采访而已，她懂个毛线数学,,一级评论,3,2,2024-11-05 13:00:31
糖果公主゚,保密,"不是都哪里来的
消息说她参加了决赛？",,一级评论,5,2,2024-11-05 10:56:14
痛打流氓兔,男,"从采访完回来的姜萍同学，全然不顾身体的疲惫，连夜拉着我们中专的老师学生讨论偏微分方程的事宜。谈得晚了，便送我们回宿舍，让我们回寝室休息。再去教室的路上，我们说：“姜萍同学，您回去休息吧。您刚接受完采访。”
姜萍说：“不碍事。你们知道，现在学界很多人把我当作靠他人指点的作弊者，不断质疑要我自证实力。你们是反应试教育的未来，你们的事就是中专生和大专生的事情，是头等大事。”
我们都激动了，眼里裹着泪花。多有松弛感的同学呀！
姜萍同学看着天空，说：“如果学界能像这片天空一样干净就好了！但是就有一些人，比如北大清华的一些教授，还有许多985的学生，要搞乱这学界。他们是罪人”说着，姜萍同学便拿着粉笔，在黑板上开始板书。不一会儿，就看到黑板上出现了如“Σ=1/2”“pi*z=pi^z”“主=6”的式子。
“这是我提出并证明的恒等式，学界一直没有对此重视，我已经忍学界很久了。”姜萍同学愤愤的说。我们都鼓起掌来，为我国有这样的学生而自豪。
一会儿姜萍同学叫来了王润秋老师，问：“那个宣传视频过审了吗？”“已经公开了。好像引起了网络上的轰动。”老师回答说。姜萍同学一怔，说：“赶紧去看网络，看有没有什么负面评价。”
之后，姜萍同学送我们回到了宿舍，一直挥手直到看不见我们。
过了几天，我们听说姜萍同学的宣传视频出事了，我们很紧张。这时候姜萍同学叫我们过去。她依旧那样和蔼，让我们坐下，说：“我的几个恒等式是精妙无比的，为之付出是伟大的。”她这是低下头说：“但我必须承认，我在宣传视频里的板书太鲁莽了。我在这儿像全校师生道歉，我将向全涟水县说明情况。”
我们顿时热泪盈眶。多好的同学啊！她在和黑子们斗争的过程中犯下的一点小失误，竟然被她记在心里，还道了歉。我们在将来的学习中，一定要向姜萍同学学习，学她那对学问的刻苦追求与不耻下问的精神。",,一级评论,6,2,2024-11-05 10:37:22
尖啸曼德拉,保密,忠诚！,痛打流氓兔,二级评论,5,0,2024-11-05 14:30:48
闲味花生,男,"姜军        姜军
✋😭✋  ✋😭✋",痛打流氓兔,二级评论,5,0,2024-11-08 13:30:08
谁开破帝豪啊拉级车,保密,有个畜牲UP半耳聆，之前姜平火了蹭热度带别人节奏，现在人家公布结果了，确实作弊了，屁都不敢说一个，还删视频,,一级评论,5,19,2024-11-04 12:35:06
凤雏有点累,保密,你在说什么？[笑],谁开破帝豪啊拉级车,二级评论,2,1,2024-11-04 12:40:30
可可鸡鸡,保密,回复 @凤雏有点累 :一个♀拳博主,谁开破帝豪啊拉级车,二级评论,3,4,2024-11-04 14:56:09
黄字第一号成是非,男,不止她一个，打脸的有很多，全部都把视频删了，[吃瓜][吃瓜][吃瓜],谁开破帝豪啊拉级车,二级评论,5,0,2024-11-15 08:23:50
但博奇是一世的,男,"从采访完回来的姜萍同学，全然不顾身体的疲惫，连夜拉着我们中专的老师学生讨论偏微分方程的事宜。谈得晚了，便送我们回宿舍，让我们回寝室休息。再去教室的路上，我们说：“姜萍同学，您回去休息吧。您刚接受完采访。”
姜萍说：“不碍事。你们知道，现在学界很多人把我当作靠他人指点的作弊者，不断质疑要我自证实力。你们是反应试教育的未来，你们的事就是中专生和大专生的事情，是头等大事。”
我们都激动了，眼里裹着泪花。多有松弛感的同学呀！
姜萍同学看着天空，说：“如果学界能像这片天空一样干净就好了！但是就有一些人，比如北大清华的一些教授，还有许多985的学生，要搞乱这学界。他们是罪人”说着，姜萍同学便拿着粉笔，在黑板上开始板书。不一会儿，就看到黑板上出现了如“Σ=1/2”“pi*z=pi^z”“主=6”的式子。
“这是我提出并证明的恒等式，学界一直没有对此重视，我已经忍学界很久了。”姜萍同学愤愤的说。我们都鼓起掌来，为我国有这样的学生而自豪。
一会儿姜萍同学叫来了王润秋老师，问：“那个宣传视频过审了吗？”“已经公开了。好像引起了网络上的轰动。”老师回答说。姜萍同学一怔，说：“赶紧去看网络，看有没有什么负面评价。”
之后，姜萍同学送我们回到了宿舍，一直挥手直到看不见我们。
过了几天，我们听说姜萍同学的宣传视频出事了，我们很紧张。这时候姜萍同学叫我们过去。她依旧那样和蔼，让我们坐下，说：“我的几个恒等式是精妙无比的，为之付出是伟大的。”她这是低下头说：“但我必须承认，我在宣传视频里的板书太鲁莽了。我在这儿像全校师生道歉，我将向全涟水县说明情况。”
我们顿时热泪盈眶。多好的同学啊！她在和黑子们斗争的过程中犯下的一点小失误，竟然被她记在心里，还道了歉。我们在将来的学习中，一定要向姜萍同学学习，学她那对学问的刻苦追求与不耻下问的精神。",,一级评论,5,2,2024-11-05 12:28:40
真理在轰炸机范围之内,保密,她们这样我只能说985211的女性不如姜萍了[喜极而泣],,一级评论,5,14,2024-11-05 11:10:26
我怎么还在,男,cmg团建BV1hypgeAErX,,一级评论,5,12,2024-11-05 15:20:42
bensololuke,保密,经典《不好的评论我会删》,我怎么还在,二级评论,6,5,2024-11-05 15:28:47
迷迷牛湖,保密,这种还看什么呢,我怎么还在,二级评论,4,0,2024-11-15 11:17:55
里奥呦西-梅西,保密,成绩好能上中专[笑哭]侮辱人智商了,,一级评论,5,3,2024-11-05 16:15:47
更昊叁,保密,这在老早以前确实是[笑哭]以前中专大专职业技能学好包分配到单位去，学好技能直接就是铁饭碗，薪水有的比公务员还高,里奥呦西-梅西,二级评论,5,2,2024-11-05 23:06:41
更昊叁,保密,但是现在国家高质量发展了，要更高精尖的知识分子,里奥呦西-梅西,二级评论,5,1,2024-11-05 23:07:18
晩松,保密,事实证明，九年义务教育的普及力度还不够,,一级评论,6,7,2024-11-05 16:08:06
历史最强球王恩佐,保密,难道就因为她是女生所以就否定她的数学成就?,,一级评论,3,3,2024-11-05 11:15:11
千酒杯,保密,cmg,历史最强球王恩佐,二级评论,5,4,2024-11-05 11:36:24
阳光开朗老毕登,保密,真不是串？？！[疑惑],历史最强球王恩佐,二级评论,4,1,2024-11-05 15:34:11
账号已注销,保密,那咋了,历史最强球王恩佐,二级评论,0,0,2024-11-06 16:04:03
Peroxyethylether,保密,串？,历史最强球王恩佐,二级评论,4,0,2024-11-27 22:37:13
明楚心,保密,不需要她能解出一题，只要她能读出任何一道题的题目我就承认她是个天才。初中学渣根本就不可能认识大学高数的那些个符号！！！！！！,,一级评论,6,7,2024-11-04 13:07:21
最强脂肪体Panda,保密,集美作弊，怎么能叫作弊呢？那叫行为不规范！,,一级评论,6,4,2024-11-04 20:05:42
音冰羽,男,"除了她，谁来保证剩下的人都没有讨论？
该拍死的起码还要有阿里。
能查她是因为引起了公众关注，那么那些没引起公众关注的人里面是否也有类似的行为？",最强脂肪体Panda,二级评论,6,0,2024-11-05 12:06:35
对抗路击剑师,保密,回复 @音冰羽 :是有类似行为，但无法实锤，只有JP实锤了。没人特意攻击她，你只要找出证据别人也作弊了，一样会有人冲。不能因为环境不好就对犯了错的人包容,最强脂肪体Panda,二级评论,4,2,2024-11-05 12:20:12
音冰羽,男,"回复 @对抗路击剑师 :现在的问题是这个比赛对不太合规的行为进行选择性处理。
就处理了姜萍一个问题。那么其他人呢？其他人被隐身了。
要么都处理，要么都不处理。不能光说懂王国会山违宪反正肯定有违宪私藏绝密文件，就不能说彭斯绕过总统私自调军以及拜登那科尔维特保护的文件。
这个比赛甚至连说对本届类似行为进行全民调查的话都不说。这就有点令人遗憾了，连试图维护比赛形象的话都不说，是不知道是不是呢，还是不能说呢？",最强脂肪体Panda,二级评论,6,0,2024-11-05 12:47:51
对抗路击剑师,保密,回复 @音冰羽 :这比赛就是个民间比赛，达摩院肯定懒得花费成本去调查其他人，但JP是他们捅出来的篓子，所以得给个结果罢了，啥叫要么都处理，没证据怎么处理？人家复试能上榜，也是疑似作弊？,最强脂肪体Panda,二级评论,4,2,2024-11-05 14:30:40
对抗路击剑师,保密,回复 @音冰羽 :因为有人高考作弊，所以每个人都得接受调查？,最强脂肪体Panda,二级评论,4,1,2024-11-05 14:31:46
对抗路击剑师,保密,回复 @音冰羽 :你举的类比的例子，那都是两党互相掌握对方黑料，互相爆料，也算是有证据的，和JP事件就没有类比的逻辑在,最强脂肪体Panda,二级评论,4,1,2024-11-05 14:39:52
憨憨小胖的游戏世界,男,世界之大。果真无奇不有,,一级评论,4,8,2024-11-04 11:05:16
进击艾德,保密,今天可算知道主等于6出自哪了,,一级评论,5,1,2024-12-13 21:17:07
以而也o,女,哈哈哈哈发表这些言论大多没读过高中，但凡读过说不出这些话[笑哭][笑哭],,一级评论,4,1,2024-12-10 21:15:02
艾过也中殖值交,男,大学生哪方面不如那群cmg捏,,一级评论,5,5,2024-11-05 17:38:01
诶嘿嘿嘿嘿hei嘿嘿,男,她那么牛逼怎么在中专[吃瓜],,一级评论,5,1,2024-11-05 12:22:35
平沧海,保密,实不相瞒，我的室友就信她，我六月份就觉得不对劲，但是我室友和应激了一样，我和她说知识不可能一蹴而就，一个月考八十的人不可能会做高数，她跟我说男女对立。我也是女生，我知道这个世界是在一些地方对女性不公，但不是什么事都是世界对女性的歧视，打着平权的旗号妄想不劳而获，反而会把女权推到深渊。,,一级评论,2,12,2024-11-05 12:06:34
来份虾仁ovo,男,新生儿锐减且持续走低就是最好的回答[tv_doge],平沧海,二级评论,5,0,2024-11-07 12:46:57
清华大学Office,男,中专生的幻想罢了[吃瓜],,一级评论,6,5,2024-11-05 11:41:21
cjzcjl,保密,他们的最中幻想[吃瓜],清华大学Office,二级评论,5,1,2024-11-06 07:56:39
黛夭夭,保密,木人智商就这？,,一级评论,5,1,2024-11-05 11:09:36
有空一起睡觉zzz,男,必养的集美，她要真懂一点高数能搞出主等于6？公告说指导是给你留点面子你还真信了，事实怕是工整的答案就在她手边给她对着抄。你问为什么要强调工整，因为潦草的她抄都抄不明白。[吃瓜],,一级评论,6,5,2024-11-05 11:07:45
应该取什么名啊,保密,@1幺0零 遛狗@1幺0零 遛狗@塌方嘲笑你 @楚天俊宇 @吴山莲 出来说话,,一级评论,5,1,2024-11-05 11:01:58
账号已注销,保密,集美们的逆天脑回路常常让人感叹，这是碳基生物能说出来的话？,,一级评论,0,5,2024-11-04 21:20:15
2灰,男,“马保国70了还能蹦蹦跳跳挨了三拳还能站起来！他已经胜过80%的老人了”异曲同工！鲨臂永远是鲨臂，能发出类似言论替主子洗白的，非蠢即坏！,,一级评论,6,4,2024-11-04 19:54:12
一念3千,女,[辣眼睛][辣眼睛][辣眼睛][辣眼睛],,一级评论,2,1,2024-11-04 14:12:21
ArthurMorgan111,保密,沙发[doge],,一级评论,4,1,2024-11-04 10:21:08
橘橘怪下士,男,我只能说幸好老师是个男的，不然集帅们又要被扣大帽子了[doge_金箍],,一级评论,5,5,2024-11-05 11:47:35
立誓不听音声,男,她们也中专啊，要是说的不委婉集美第一个切割,,一级评论,6,1,2024-11-04 17:19:37
我叫绿豆糕,保密,再次见证物种的多样性,,一级评论,3,5,2024-11-04 17:12:07
我的名字是小夕,男,[蛆音娘_吐血],,一级评论,6,1,2024-11-04 11:44:04
EquestriaGSG-9,保密,评论这些的人大学高数能不能考60？,,一级评论,6,3,2024-11-05 12:09:24
阳光开朗老毕登,保密,96有资格评论吗[doge_金箍],EquestriaGSG-9,二级评论,4,1,2024-11-05 15:35:45
EquestriaGSG-9,保密,回复 @阳光开朗老毕登 :哥，带带[大哭],EquestriaGSG-9,二级评论,6,0,2024-11-05 15:37:11
阳光开朗老毕登,保密,回复 @EquestriaGSG-9 :大学数学考的没高中那么难那么刁钻，一周你只要抽出来一半时间认真学一学，不说次次都能考九十九十五，至少考个八十五往上没有一点问题[doge_金箍]稍微练一练考前做几套题熟悉熟悉就能考九十多，大学考的真没那么难[给心心],EquestriaGSG-9,二级评论,4,1,2024-11-05 18:56:44
阴暗爬行哥布林,男,上了大学的肯定能，不然学分怎么办[笑哭]，没上大学的也不用为此发愁。什么，你问我？你怎么知道文科不考高数[doge],EquestriaGSG-9,二级评论,5,1,2024-11-06 05:13:41
小吃货大韵姐,保密,数学之蛀后面还有一个数学之润，数学之润的问题才是最大的，数学之蛀之所以被推上风口浪尖，原因就是那段采访视频，说真的，脑子没有三斤💩都说不出那种话来[doge],,一级评论,4,1,2024-11-05 11:53:07
更昊叁,保密,人家没说错啊，即使作弊也确实比我们很多大学牲厉害的多的多，人家有这么大人脉这么多资源造这么大个势，我就一个开水烫不醒的死猪，即使她说她在数学水平上赢过我我都不带心理波动的[藏狐],,一级评论,5,3,2024-11-05 23:03:02
sudy4848,保密,哮喘比赛的多了，因为国籍她作弊，其他几百人另外国籍就是努力？你们想吃人血馒头，我就非掐住你们咽喉，你们吞下给我看看。,,一级评论,5,1,2024-11-04 11:23:07
Ryso_716,男,[尴尬]咱能先写好句子再发评论吗,sudy4848,二级评论,6,6,2024-11-04 19:49:22
sudy4848,保密,回复 @Ryso_716 : 一个全球的数学竞赛，一个奥运的全球比赛。结合了一下，你都看不懂？,sudy4848,二级评论,5,0,2024-11-04 19:57:46
迷迭很香香,男,回复 @sudy4848 :因为你恐怕连九年义务教育都没有读完，写出来的东西毫无章法与逻辑，用数学的话说：不连续不可导[吃瓜],sudy4848,二级评论,4,7,2024-11-04 21:15:33
sudy4848,保密,回复 @迷迭很香香 : 全是今年的事实，逻辑只是合并两件全球赛事，基础都在规则内。而不同的只有国籍！我的逻辑把两者合并，这样短短几句话就说明白了。分开一大堆字解释。我嫌累。[吃瓜],sudy4848,二级评论,5,0,2024-11-04 22:09:17
迷迭很香香,男,回复 @sudy4848 :伪人不会说中文就别说行吗[笑哭],sudy4848,二级评论,4,3,2024-11-04 23:26:38
sudy4848,保密,回复 @迷迭很香香 : 中文加逻辑比较简单就处理了，要是不能理解就别回嘛。[笑哭],sudy4848,二级评论,5,0,2024-11-04 23:31:31
悠哉悠哉常大王,保密,散了吧，ai,sudy4848,二级评论,6,1,2024-11-05 11:57:25
圣赫勒拿岛骑士,男,什么赛博生命，火星文都没那么难懂,sudy4848,二级评论,5,1,2024-11-05 12:18:44
看后面看后面,女,高速运转的机器流入中国...[doge],sudy4848,二级评论,6,1,2024-11-05 12:28:24
sudy4848,保密,回复 @圣赫勒拿岛骑士 : 我写到回复视频的最新位置了。就不重复这里写了。,sudy4848,二级评论,5,0,2024-11-05 13:23:46
sudy4848,保密,回复 @迷迭很香香 : 还是回复你下，解释在这视频最新回复位置，就不重复这里回了！,sudy4848,二级评论,5,0,2024-11-05 13:52:14
独眼欧提酱,保密,若智 看看学信网,sudy4848,二级评论,5,0,2024-11-05 14:28:05
sudy4848,保密,回复 @独眼欧提酱 : 我下面有这段的解释。,sudy4848,二级评论,5,0,2024-11-05 14:33:37
cjzcjl,保密,[疼]这语言表达能力...,sudy4848,二级评论,5,1,2024-11-06 08:02:34
sudy4848,保密,回复 @独眼欧提酱 : 我后面有解释，下方找找，还有最新的消息。,sudy4848,二级评论,5,0,2024-11-06 09:57:14
Aurora_borialis,男,经典没实力谈勇气,,一级评论,5,3,2024-11-05 12:57:30
立体防御者,保密,敢接受采访也是一种勇气，说谎话心不跳脸不红，做传销之栋梁啊，这要是去卖保健品可有的赚了,,一级评论,4,0,2024-12-15 14:18:45
阿宙宙宙兔,保密,集美集美的，神经病吧。现在还在洗白的估计只有没好好学过数学的人了,,一级评论,4,0,2024-12-04 11:09:53
不会物理的质子,男,傻杯就是傻杯[doge]，人家JP只是被一些利益集团利用。集美们是真傻杯。,,一级评论,6,0,2024-12-02 11:49:47
Peroxyethylether,保密,按照她们的逻辑来说，女大还不如中专生[笑哭],,一级评论,4,0,2024-11-27 22:47:56
豪情還剩了一襟晚照,保密,蒋萍虽然作弊了，难道在座的各位就没一点错？[doge],,一级评论,5,0,2024-11-29 16:11:51
哥特he,男,反正这个女孩子她本身的家庭条件不好，错的是她老师，离谱的是他在学校断尾求生啊，这个女孩子受得了霸凌，可是现在所受到的网暴，我觉得才是最家应该注意的吧，而不是扩大流量效应吧,,一级评论,5,0,2024-11-19 19:15:16
混合号,男,那些采访和纪录片不是她说的吗，她骗了人就应该被骂，她家庭条件不好，不是她骗我们的理由,哥特he,二级评论,5,3,2024-11-21 21:58:25
Steve--专做废品,男,她的学校断尾求生，你别搞笑好吧，我只知道这个叫姜萍事件，不叫涟水中专事件也不叫王润秋事件,哥特he,二级评论,4,2,2024-11-24 12:31:01
Peroxyethylether,保密,那被她粉丝骂的人呢？谁去给他们道歉？,哥特he,二级评论,4,2,2024-11-27 22:34:31
我仁零火炎,男,家庭条件不好就是作弊和接受采访时“没有做的代价”“数学只是planb”的理由吗？是有人拿刀逼着他让他接受采访吹nb吗？你说的这些话把吃饭多吃一个馒头都得考虑真正踏实努力的寒门孩子当什么？,哥特he,二级评论,5,1,2024-11-28 12:49:34
我仁零火炎,男,还有，姜萍是姜萍事件的当事人，既得利益者之一。他爸这事件收了企业家的5k和酒，他妈妈开抖音账号一夜破9w粉丝只不过后来逆风了关评论，他本人一句理想大学是浙大，一堆“热心网友”帮他去冲浙大，网暴浙大，网暴浙大学生逼浙大特招他……总不能说演得好了好处全拿，演砸了和他毫无关系甚至反而成受害者了吧,哥特he,二级评论,5,2,2024-11-28 12:54:07
CK他爺,保密,其实好的大学不比中专差的[doge],,一级评论,5,0,2024-11-18 02:15:23
sudy4848,保密,昨天急着开团打游戏，也就简单组织了点语句发了一段。很多回复都说看不懂。今天细说。昨天看到所谓的调查，很轻描一段主要就两个字，帮助。其他就指定到师徒二人。只能说手段很高的阳谋。等于组装了两个斩台，但没刀。刀在那？在转载的UP和回复的口诛笔伐上。有人会说，她得到帮助获得名次，难道不讨伐这种行为？对，你能。这就是阳谋只组装斩台原因。因为他们知道不明白最初规则的人一定帮他们持刀。我故意合并两个全球赛事，就是让各位自己分析出最基本的问题。也就2个字，规则。不到700人国家队伍 500多人哮喘。真是有这么多人得病?还是治病的药物对比赛结果有提升。相信各位都不是那位部长疯狂给他们开脱吧。那么答案也就简单。但却是两个，一个我们自己及其在公平原则下看待无疑这种就是强制嵌入规则的舞弊。另一个就是又必须接受官方认可下的合规。掌控规则的人拿捏所有人。现在回到数学的比赛，一样的问题，做题是8小时，但给了24小时。原因是无法避免的地球是圆的，有24个时区。强制8小时可以，必然有人得半夜开始。24小时是规则，必然先后避免不了。掌控规则的人难懂不知道两人或3人前后做相互帮忙？这就跟哮喘吃药的规则掌控者一样。他们说了算。现在还看不明白，我真没办法了！,,一级评论,5,0,2024-11-05 13:22:52
sudy4848,保密,现在互联网时代，病很多，人气不够和穷也是病，馒头没治疗效果，得各位持刀斩下见血染在馒头上，让其转变为人血馒头服下或许可以医治、,sudy4848,二级评论,5,0,2024-11-05 13:48:50
迷迭很香香,男,"其一：你有证据证明其他人也作弊了吗？如果有，请举出证据，我举双手赞成你。
其二：如果有人作弊，那jp就是冤枉了吗？显然是否定的。她的行为本身就是违反公序良俗和社会规则的，更何况她也是这件事的即得利益者，无论是主动被动，她都有错。 
其三：阳谋？你不会不知道双方官方的舆论压力有多大吧，尤其是他们给出了这种让谁都不满意的回答之后。
  显而易见，两边官方都统一了口径，话术如出一辙，还在事后如此之久，还在11月这个有大新闻的日子发调查，不就是为了降低热度吗。",sudy4848,二级评论,4,2,2024-11-05 14:44:57
sudy4848,保密,回复 @迷迭很香香 : 双11干嘛要降热度，毕竟隔壁那个上月才出问题，把热度上去讨好美国股东不行？涨涨股价，年底再上个财报。反正人家上市利益又不在国内。,sudy4848,二级评论,5,0,2024-11-05 15:02:07
sudy4848,保密,回复 @迷迭很香香 : 现在消息看，她就从来没参加比赛，决赛的消息说她是0（没参加），而初赛的消息很可能都是老师自己刷题用她账号做的。主办方好大喜功，17岁啊，这名次。找媒体，媒体一看，这学校，这成绩不就是落魄宗门出了天骄嘛，突击学校。学校懵逼找老师，老师怕事情闹大。就让她出来顶媒体。一群大人的利益裹挟了孩子。就没参加过，何来作弊。,sudy4848,二级评论,5,1,2024-11-06 09:44:35
cjzcjl,保密,回复 @sudy4848 :你的意思好理解，就是这叙述有点混乱,sudy4848,二级评论,5,0,2024-11-06 11:39:52
cjzcjl,保密,其实这种漏洞百出的赛制本身就是代考、作弊的温床，正经竞赛就没有这么搞的，都是闭卷，例如IMO这个含金量最高的比赛就是闭卷的。,sudy4848,二级评论,5,0,2024-11-06 11:42:58
sudy4848,保密,回复 @cjzcjl : 最初消息来源真真假假，不知道从哪里开始叙述帮这孩子。只能用规则做盾牌抵挡部分笔伐。,sudy4848,二级评论,5,0,2024-11-06 12:01:52
神棍Stickie,男,@Mr龙舌兰 @烷烃今天没得玩,,一级评论,6,0,2024-11-05 11:43:41
躺平小钙,保密,有道理啊，在座那些都是啥人呀[doge],,一级评论,5,0,2024-11-05 11:40:10
镇镇之花万金尤鱼,男,你們等著吧 以後你們這些男的都穿不上姜聖做的衣服[doge],,一级评论,6,3,2024-11-05 10:54:55
garywillson,男,离谱[呲牙],,一级评论,6,0,2024-11-04 21:08:04
bili_3546678258829886,保密,她力量,,一级评论,4,0,2024-11-04 19:53:24
阴蠢物记录员,保密,cy女性力量,,一级评论,5,11,2024-11-05 14:12:58
死在起名字的路上咯,保密,蒂笑死我了  有没有人抖音叫吊吧,阴蠢物记录员,二级评论,5,3,2024-11-06 19:19:52
